﻿Designator,Footprint,Quantity,Value,LCSC Part #
AN1,JST_ZH_B3B-ZR_1x03_P1.50mm_Vertical_SilkSafe,1,AN1,
AN10,JST_ZH_B3B-ZR_1x03_P1.50mm_Vertical_SilkSafe,1,AN10,
AN11,JST_ZH_B3B-ZR_1x03_P1.50mm_Vertical_SilkSafe,1,AN11,
AN12,JST_ZH_B3B-ZR_1x03_P1.50mm_Vertical_SilkSafe,1,AN12,
AN13,JST_ZH_B3B-ZR_1x03_P1.50mm_Vertical_SilkSafe,1,AN13,
AN14,JST_ZH_B3B-ZR_1x03_P1.50mm_Vertical_SilkSafe,1,AN14,
AN15,JST_ZH_B3B-ZR_1x03_P1.50mm_Vertical_SilkSafe,1,AN15,
AN16,JST_ZH_B3B-ZR_1x03_P1.50mm_Vertical_SilkSafe,1,AN16,
AN2,JST_ZH_B3B-ZR_1x03_P1.50mm_Vertical_SilkSafe,1,AN2,
AN3,JST_ZH_B3B-ZR_1x03_P1.50mm_Vertical_SilkSafe,1,AN3,
AN4,JST_ZH_B3B-ZR_1x03_P1.50mm_Vertical_SilkSafe,1,AN4,
AN5,JST_ZH_B3B-ZR_1x03_P1.50mm_Vertical_SilkSafe,1,AN5,
AN6,JST_ZH_B3B-ZR_1x03_P1.50mm_Vertical_SilkSafe,1,AN6,
AN7,JST_ZH_B3B-ZR_1x03_P1.50mm_Vertical_SilkSafe,1,AN7,
AN8,JST_ZH_B3B-ZR_1x03_P1.50mm_Vertical_SilkSafe,1,AN8,
AN9,JST_ZH_B3B-ZR_1x03_P1.50mm_Vertical_SilkSafe,1,AN9,
"C1, C11, C12, C13, C9",0603,5,0.1uF,
C10,1206,1,100uF,
C14,0603,1,1nF,
C15,1206,1,47uF,
"C2, C3",1206,2,22uF,
C4,1206,1,10uF,
C5,0603,1,470nF,
C6,0603,1,220nF,
C7,0603,1,100pF,
C8,0603,1,2.2uF,
D1,0805,1,LED,
"D10, D11, D12, D13, D14, D15, D16, D17, D18, D19, D2, D20, D21, D22, D23, D24, D25, D26, D27, D28, D29, D3, D30, D31, D32, D33, D34, D35, D36, D37, D38, D39, D4, D40, D41, D42, D43, D44, D45, D46, D47, D48, D49, D5, D50, D51, D52, D53, D54, D55, D56, D57, D58, D59, D6, D60, D61, D62, D63, D64, D65, D7, D8, D9",D_SOD-323F,64,BAT54J,
J1,PinHeader_1x03_P2.54mm_Vertical,1,PWM,
J2,BarrelJack_Horizontal,1,DC Supply,
J26,PinHeader_2x08_P2.54mm_Vertical,1,LED6,
J27,PinHeader_2x08_P2.54mm_Vertical,1,LED5,
J28,PinHeader_2x08_P2.54mm_Vertical,1,LED7,
J29,PinHeader_2x08_P2.54mm_Vertical,1,LED8,
J30,JST_ZH_B4B-ZR_1x04_P1.50mm_Vertical_SilkSafe,1,I2C,
J31,JST_ZH_B4B-ZR_1x04_P1.50mm_Vertical_SilkSafe,1,UART,
J32,PinHeader_2x08_P2.54mm_Vertical,1,LED3,
J33,PinHeader_2x08_P2.54mm_Vertical,1,LED1,
J34,PinHeader_2x08_P2.54mm_Vertical,1,LED2,
J35,PinHeader_2x08_P2.54mm_Vertical,1,LED4,
JR1,PinHeader_2x08_P2.54mm_Vertical,1,ROW1,
JR2,PinHeader_2x08_P2.54mm_Vertical,1,ROW2,
JR3,PinHeader_2x08_P2.54mm_Vertical,1,ROW3,
JR4,PinHeader_2x08_P2.54mm_Vertical,1,ROW4,
JR5,PinHeader_2x08_P2.54mm_Vertical,1,ROW5,
JR6,PinHeader_2x08_P2.54mm_Vertical,1,ROW6,
JR7,PinHeader_2x08_P2.54mm_Vertical,1,ROW7,
JR8,PinHeader_2x08_P2.54mm_Vertical,1,ROW8,
"JSPI1, JSPI2, JSPI3, JSPI4, JSPI5, JSPI6, JSPI7",JST_ZH_B6B-ZR_1x06_P1.50mm_Vertical_SilkSafe,7,Conn_01x06,
L1,L_Sunlord_MWSA0604S,1,3.3uH,
Q1,DPAK228P994X240-4N,1,AOD4184A,
Q2,SOT-23,1,MMBT3904,
"R1, R5",0603,2,10k,
"R10, R11, R12, R13, R14, R15, R16, R9",0603,8,3.3k,
"R17, R7, R8",0603,3,2.2k,
R18,0603,1,10R,
R2,0603,1,33.2k,
R3,0603,1,1.5k,
R4,0603,1,330R,
R6,0603,1,47R,
"TP1, TP2, TP3, TP4",TestPoint_Pad_D4.0mm,4,TestPoint,
U1,TSOT-23-6,1,AP62300TWU,
U2,SSOP-24_5.3x8.2mm_P0.65mm,1,CD74HC4067SM96,
U3,SOT-23,1,LM4040DBZ-3,
"U5, U7",SOIC-16_3.9x9.9mm_P1.27mm,2,74HC138,
U6,SOP-24_7.5x15.4mm_P1.27mm,1,TM1639 (TA2009B),
